,axial_max,tang_max,index_of_axm,index_of_tnm,axial_in_mxt,tang_in_mxa,cone_angl,label
0,-16.5496747899341,-17.6543776995096,28,48,-10.975492672142,-16.5978269402993,4,1
1,-16.5647256197065,-17.8158826084825,28,52,-14.4101715819659,-16.7242554123872,4,1
2,-16.3355680496504,-17.5788157571496,28,50,-12.6641162759062,-16.4159947704523,4,1
3,-15.9688648939293,-17.1080874863897,28,47,-10.2365127154436,-15.878570811461,4,1
4,-15.2272702025684,-16.2662404383534,28,49,-12.0560625234605,-15.2462750970633,4,1
5,-14.6820509862266,-15.3771402350203,27,51,-13.2525668785614,-14.6185546684971,4,1
6,-14.0862153636689,-14.5155538207814,27,50,-12.3919119935693,-13.7327761481716,4,1
7,-13.9626191633394,-13.729979648923,28,45,-9.94127339319681,-13.0213748454953,4,1
8,-13.6201827334007,-13.1838377903596,27,44,-9.63704547991442,-12.3295671543767,4,1
9,-12.8839691703484,-11.235114654307,24,41,-8.14147104406099,-9.64000112030722,4,1
10,-13.0989690003533,-11.0847839243183,26,42,-9.05623466054724,-8.82516234937334,4,1
11,-12.7511456635703,-10.8140681060196,25,42,-9.36175253104535,-8.6781817234113,4,1
12,-12.733407852602,-10.2848437966491,26,41,-8.76138232163374,-8.23769863973982,4,1
13,-12.5691040888473,-9.65777572786806,25,41,-8.9096032742163,-7.8457323607284,4,1
14,-12.345295401308,-9.20194879990218,26,41,-8.90194262886367,-7.31392056163757,4,1
15,-12.0369360306761,-8.70312241163788,25,41,-9.10618702797201,-7.03314068438066,4,1
16,-12.0930250179823,-8.25291124309755,26,43,-9.92996408030685,-6.61132881279868,4,1
17,-11.8492613503484,-7.54934371281793,23,39,-8.26660703410022,-6.53462175406189,4,0
18,-11.658712744892,-7.27956215115909,23,41,-9.57054531419836,-6.23081046721327,4,0
19,-11.7770856945543,-7.10190297415627,21,39,-9.10693277892282,-5.98491058628182,4,0
20,-11.7106439120829,-7.0580375965201,20,38,-8.82401146753335,-5.71228454645128,4,0
21,-11.6387484237187,-6.96466057288403,19,38,-9.64760455539305,-5.29953823206618,4,0
22,-11.5858608709181,-6.72242895936298,17,38,-9.79428560633711,-5.19340902224289,4,0
23,-11.5609563762347,-6.47062997641593,16,38,-10.3919263030921,-5.22450497854651,4,0
24,-11.6007698585892,-6.37157272529124,18,38,-10.609378936937,-4.62277640108125,4,0
25,-12.2008941328756,-7.12182399695423,9,33,-11.2610927665454,-6.16306358618997,4,0
26,-12.5205588514488,-7.13787585468142,8,32,-12.362288428505,-6.17426993554848,4,0
27,-12.8186022368417,-6.04056710941756,2,33,-12.7990045208953,-3.11119021244665,4,0
28,-13.2154520979147,-5.03308988167068,1,34,-12.9547120285401,-8.8577557198024,4,0
29,-13.3007611803871,-3.85240324757018,1,35,-13.0111209908902,-6.74955798176156,4,0
30,-13.258166326185,-2.98596580549109,1,37,-12.896372353576,-7.27352361999117,4,0
31,-13.0679923460149,-2.41809054490339,1,38,-12.8408283925616,-6.38493921012476,4,0
32,-12.9617423711652,-1.78090811014692,1,40,-12.8074211259995,-6.99500004877832,4,0
33,-12.9208245645518,-0.913827175513055,7,40,-12.8454786070461,-0.527450994129203,4,0
34,-14.5856826810104,-16.3216602860331,26,50,-12.6610485951146,-15.788958252833,5,1
35,-14.5579872460271,-16.4351689241129,26,50,-12.80604327,-15.5955722284917,5,1
36,-14.4946524888485,-16.1608343681178,27,50,-12.7359985138731,-15.5842347753654,5,1
37,-14.0573454822568,-15.8623582887219,25,49,-12.094770037078,-15.4516093087792,5,1
38,-15.1654719044265,-15.7405982517403,28,51,-13.1646270703626,-14.8291616641836,5,1
39,-14.6527149642352,-15.1308994200146,27,48,-11.3619159888315,-14.3155545003844,5,1
40,-14.3448662763655,-14.34706326214,28,47,-10.8114423014945,-13.319062872454,5,1
41,-14.0351546565031,-13.6394995904805,27,46,-10.3761856803464,-12.821745803814,5,1
42,-13.4438081016356,-12.9888631429669,27,46,-10.4662255941728,-12.3048694002072,5,1
43,-11.4450220037775,-11.6775630964362,23,47,-10.4905021633553,-11.1063144920159,5,1
44,-11.9936067170218,-12.0650377740443,25,43,-9.47204470440515,-9.94053791028236,5,1
45,-12.028729930336,-11.7547927529795,23,42,-9.27975128105617,-9.91394218555897,5,1
46,-12.0123289393634,-11.4400071584516,25,41,-8.16500630483339,-9.04393442949575,5,1
47,-11.836172121595,-10.5448951993545,23,41,-8.82997069889744,-8.83683835928548,5,1
48,-11.722438511311,-9.88719551847805,24,41,-9.08711965283731,-7.98347802163373,5,1
49,-11.4818067949669,-9.24493025019537,23,41,-9.17479261853935,-7.64029220620435,5,1
50,-11.5110275995172,-8.82491964513057,21,40,-8.82900824647433,-7.46931551708042,5,1
51,-11.3652234339667,-8.048434707535,21,40,-9.24553386702949,-6.76579588848937,5,1
52,-11.4412635968507,-7.67214446804453,20,42,-10.3733773490515,-6.65063943171007,5,1
53,-11.4630722644279,-7.60049433594353,21,41,-10.2486635180524,-6.11123473229517,5,0
54,-11.5671140844685,-7.48396325134776,20,40,-10.4133609475713,-6.00862843787774,5,0
55,-11.524145331101,-7.4984072822994,17,39,-10.1814632389416,-6.28549821741435,5,0
56,-11.4450297619655,-7.23077850042823,15,38,-10.1727491034942,-6.29121425729908,5,0
57,-11.3886523676396,-7.07298769120072,20,38,-10.2723666757729,-4.94112989779489,5,0
58,-11.3828943605397,-6.72856838028304,18,38,-10.4293858229088,-4.96947234039464,5,0
59,-11.9127745123754,-6.96578778712323,11,35,-11.3817910516587,-5.83328907228301,5,0
60,-12.1946750502624,-8.13339707980338,1,33,-11.9714525564377,-6.27995637289754,5,0
61,-12.7050675204119,-6.90557914816731,1,34,-12.4989883016864,-7.5218027512401,5,0
62,-12.9525159237264,-5.66896050687359,1,34,-12.7199954749681,-5.71899440347642,5,0
63,-13.1899015445016,-4.22082250484099,1,36,-12.7152617147337,-7.8626319130945,5,0
64,-13.1122532617428,-3.29273212786776,1,37,-12.7173769441742,-6.14738359298657,5,0
65,-12.9774463258183,-2.71774051416678,1,38,-12.7167804614795,-6.88942964136664,5,0
66,-12.8023875494077,-2.1215571703162,2,38,-12.6850688539424,-4.09408329041093,5,0
67,-12.7614132561927,-1.52410893345507,6,39,-12.7252497597756,-0.540065794969641,5,0
68,-15.8346039621758,-16.9464104627678,28,51,-13.1327914338553,-16.2585076640883,6,1
69,-15.9207778282045,-16.9621178134212,28,50,-12.2278389679067,-16.2503851215674,6,1
70,-16.0494872334614,-16.7701413860725,28,50,-12.2567017628164,-15.9587309092886,6,1
71,-15.7557121516178,-16.4584088950509,28,49,-11.6210952202183,-15.6351230286144,6,1
72,-15.0497515353047,-15.6846365013982,28,51,-12.7018096314942,-14.5871152730902,6,1
73,-14.5105338440065,-15.0210345326673,28,48,-11.1410355223487,-13.6688090760093,6,1
74,-14.099130296241,-14.1986432332042,28,48,-11.0158014757918,-12.7155854893079,6,1
75,-14.0291504613691,-13.5071205295678,27,45,-9.94275054438678,-12.7124647532247,6,1
76,-13.7080179451122,-12.8940828738016,28,48,-11.2179855294976,-11.7653067160694,6,1
77,-12.6503399359598,-11.281944124116,25,41,-8.09568339463814,-9.25898048224017,6,1
78,-12.9872930963053,-11.0190580632926,28,41,-8.38581081942393,-7.99391697249638,6,1
79,-12.8354703333885,-10.8185151779778,26,41,-8.63997432614275,-8.02795590971493,6,1
80,-12.6447769996249,-10.3547592615195,26,39,-7.5639593771954,-7.91605130734991,6,1
81,-12.5241667083738,-9.88883303160137,26,39,-7.72690430283284,-7.52490916418505,6,1
82,-12.3418448267782,-9.42354062235816,27,40,-8.44797511620087,-6.93052125018,6,1
83,-12.0752246003572,-8.80613477722125,25,40,-8.70816221750908,-6.84051571078485,6,1
84,-11.9876888968995,-8.42291528325562,25,39,-8.16661013432364,-6.57060076271632,6,1
85,-11.7668614827522,-7.65023578834925,24,38,-7.79870176832959,-6.31456330679567,6,1
86,-11.8844654875161,-7.06625470793057,24,42,-9.91481953023463,-5.97037535734668,6,1
87,-11.9393839584335,-6.84490949702187,22,40,-9.55005261730145,-5.78299308645125,6,0
88,-11.8900860991924,-6.73019333353404,21,41,-10.2945972792099,-5.3002626815722,6,0
89,-11.759687518848,-6.57029201710785,19,39,-9.88776697497353,-5.08382699830965,6,0
90,-11.4930462525642,-6.4028091862243,17,39,-10.147358726902,-5.32255877690281,6,0
91,-11.4177740238986,-6.10123986644703,16,39,-10.7903117177998,-5.13909027769032,6,0
92,-11.6332579319107,-6.27805483783556,16,39,-11.1393730837326,-4.97059412646069,6,0
93,-12.3505802186526,-6.77175529077724,13,35,-11.4580707128279,-4.80052530944206,6,0
94,-12.4982271074028,-7.01400483435194,9,32,-12.3664984965835,-5.72063918263827,6,0
95,-12.7368008156906,-6.20317335931474,3,33,-12.6652258188854,-4.79451043229258,6,0
96,-13.0918117911711,-5.20617885136245,1,34,-12.8566957185037,-6.73683205744132,6,0
97,-13.2542796896572,-3.90760845932046,1,37,-12.8356231410371,-5.96975525833702,6,0
98,-13.1883633551729,-3.13329261683609,2,37,-12.8988882380558,-4.20918058474546,6,0
99,-13.0683919793517,-2.47739029166762,1,37,-12.8889336337499,-5.5256584239009,6,0
100,-12.9282375542089,-1.89913761730982,2,39,-12.8048720210236,-3.47507434196434,6,0
101,-12.8975738216704,-1.08875922678704,10,38,-12.8975738216704,-1.08875922678704,6,0
102,-13.6326163974057,-15.8222162363048,27,52,-13.0000867344798,-14.6854760950244,7,1
103,-14.1112573085961,-15.9935546557122,27,50,-11.7162471246774,-14.5453055204822,7,1
104,-13.8728130541883,-15.7595096351056,27,49,-10.9201558958126,-14.3138088284396,7,1
105,-13.6968213575706,-15.3970108489477,28,52,-12.6275452242547,-13.3351459257825,7,1
106,-13.0656963689752,-14.872699048856,27,51,-11.6807881485428,-14.3345688134489,7,1
107,-13.1509720793518,-14.1969179007124,27,50,-11.7001966419399,-12.6329037705114,7,1
108,-12.6568623849627,-13.5970663519527,27,49,-11.1100288480916,-12.6356846160297,7,1
109,-12.5054099598447,-12.8228837444026,27,46,-9.77293227310292,-11.8110462728558,7,1
110,-12.2042121940803,-12.3656477742803,27,46,-10.0031100627071,-11.1716415492703,7,1
111,-12.1709036372262,-11.56895378568,27,45,-9.61242385514153,-10.0988712488489,7,1
112,-12.3296269096646,-12.0420849049976,26,42,-8.40549641074229,-9.61755576074858,7,1
113,-12.3087688498259,-11.8622545933929,26,43,-9.1530998020992,-8.93513163286155,7,1
114,-12.1369190848418,-11.6461040138019,26,40,-7.67009058426435,-8.66953260080223,7,1
115,-11.9315017053775,-10.9262713594217,25,39,-7.25513657380441,-8.37030268178352,7,1
116,-11.8484668148604,-10.427459273225,24,39,-7.37790924848567,-7.97513632516719,7,1
117,-11.7892193138509,-9.78355655263195,25,39,-7.5071997576911,-7.3108048348623,7,1
118,-11.2272376537748,-9.36161736205649,26,39,-7.60973482981808,-6.81175943233966,7,1
119,-10.8777000229833,-8.47557254942534,21,39,-8.31488304511968,-6.74842134685483,7,1
120,-11.2704314956121,-7.79905708529832,22,41,-9.38609745009524,-6.34603588512314,7,1
121,-11.5930457751258,-7.4890441682188,21,41,-9.63781332585518,-6.32577816328114,7,1
122,-11.7883653261611,-7.3876338782075,21,39,-9.25877224151799,-5.76033411480272,7,0
123,-11.898981991325,-7.38007819450473,21,39,-9.72093734774174,-5.28925904786505,7,0
124,-12.0320155058714,-7.10658707905859,20,39,-10.0066313706283,-5.15442037974416,7,0
125,-11.9866316202634,-6.95482043995856,20,39,-10.0004271353324,-5.12183159461116,7,0
126,-11.9502326366157,-6.74643081081952,21,38,-10.4790303698876,-4.5284788825814,7,0
127,-12.3931378207867,-6.69784071919828,14,35,-10.9266393467104,-4.74609635990948,7,0
128,-12.4937938211881,-7.82329466298859,12,33,-12.1780941884325,-5.25689940619315,7,0
129,-12.93478384121,-6.74139080661702,1,33,-12.7968865474886,-7.53846626794212,7,0
130,-13.3082944486991,-5.71883997047285,1,34,-13.0136320182978,-7.5764676546494,7,0
131,-13.4691331821945,-4.22878477376274,1,36,-13.0975205641936,-8.0441252356997,7,0
132,-13.4019144807824,-3.38433977421166,1,37,-13.0519758941989,-7.73571660254786,7,0
133,-13.219570039966,-2.76157177682645,2,38,-13.0316172238113,-4.57253222791126,7,0
134,-13.0794379294936,-2.1669367535087,2,38,-13.0034154143909,-4.32319272118705,7,0
135,-13.0359246604829,-1.54840470391918,7,39,-13.0349036084811,-1.09657494597849,7,0
136,-14.4996097983895,-13.8534259988541,28,42,-6.56122349729483,-11.8334529756055,8,1
137,-14.461160712849,-13.8418701239547,27,41,-5.93887244189562,-12.131746331875,8,1
138,-14.2624159405484,-13.7496635039456,28,41,-6.08375859963272,-11.6637736343905,8,1
139,-13.9382190251648,-13.6240137699836,27,42,-6.89959857078346,-11.8705343504153,8,1
140,-13.2218732517944,-13.0333244414169,26,41,-6.83912920966563,-11.5359076252298,8,1
141,-12.9432190464988,-12.4953107662473,26,42,-7.7835431427412,-11.1050480873069,8,1
142,-12.7849003143239,-11.702078646348,26,41,-7.52233207651304,-10.6715112281153,8,1
143,-12.4976560140915,-11.2478264416935,26,43,-8.68746942671202,-10.3090980804465,8,1
144,-12.3801613528497,-10.6520145773914,27,47,-10.3043123476496,-9.7193406188791,8,1
145,-12.2134775546149,-11.5151821057194,24,40,-7.36863937680805,-9.23335239107359,8,1
146,-12.5867011080928,-11.347277379223,24,39,-7.11472315577476,-8.72930122472721,8,1
147,-12.5290085309127,-11.2185419836855,27,40,-7.83113401165826,-8.16986026420259,8,1
148,-12.3686039515282,-10.7656259097235,26,39,-7.35870468032605,-7.91177985112549,8,1
149,-12.0341635093237,-10.354032235764,24,39,-7.36311787255472,-7.84015086503265,8,1
150,-11.990730272927,-9.84795162129363,26,40,-8.21730611692642,-7.3126718874137,8,1
151,-11.7879914902919,-9.39688510679212,25,39,-7.84093615500378,-6.90845221906894,8,1
152,-11.7371816557551,-9.14282792806804,25,40,-8.31833933593656,-6.71996677915263,8,1
153,-11.5246727831537,-8.48956076376258,23,40,-8.66140543712826,-6.29364750418268,8,1
154,-11.501049517975,-7.9514373306738,21,40,-8.90112527826108,-6.31353272785002,8,1
155,-11.7348936669506,-7.17618471372319,23,43,-10.7097750221228,-5.74939289128828,8,1
156,-11.7737216534298,-6.96515117835672,21,41,-10.1935838690025,-5.55977953610534,8,0
157,-11.6436055064538,-6.7790705050588,20,40,-10.183407967537,-5.30307908861633,8,0
158,-11.5216417104075,-6.58618436281986,17,40,-10.4858817728718,-5.60572361493256,8,0
159,-11.4098481983415,-6.36092300807191,17,40,-11.0020338333968,-5.38751972685152,8,0
160,-11.7309319592834,-6.2525923508239,15,38,-10.3659791160737,-5.60902809259643,8,0
161,-12.1677758297644,-6.55800286254866,14,36,-11.6808955536409,-5.05855846724798,8,0
162,-12.4770503857249,-7.3860560646622,10,33,-12.3006214324677,-5.40355323577943,8,0
163,-12.9129107613444,-6.20231479818305,1,34,-12.7388216924751,-8.12224159122513,8,0
164,-13.2898516302799,-5.06808944406008,1,35,-12.9284900109996,-5.92840544981279,8,0
165,-13.3403672776705,-3.91256941459834,1,37,-12.8411964774061,-7.56180480585897,8,0
166,-13.2376094214732,-3.12314133053742,2,38,-12.8258268801087,-4.14265076875163,8,0
167,-13.0490185955824,-2.57448911134021,2,39,-12.7931478338051,-3.44510255188601,8,0
168,-12.906419264974,-1.88831768865118,3,39,-12.8091062202362,1.05598001146767,8,0
169,-12.8531269886794,-1.24985740315413,11,39,-12.8531269886794,-1.24985740315413,8,0
170,-15.6564146437574,-16.39419471829,28,49,-11.4786770189313,-15.5906260182678,9,1
171,-15.4442444480995,-16.4939121444496,28,51,-12.8972916545386,-15.6256142686221,9,1
172,-15.492526621483,-16.2961195837132,28,44,-8.36443529486344,-15.4777661729404,9,1
173,-15.1348419675189,-16.1724815291995,28,51,-12.6843962792853,-15.1428422163029,9,1
174,-14.556257109918,-15.4865355677081,28,54,-14.1108628326241,-14.606077738095,9,1
175,-14.2612277365896,-14.8781608967835,28,51,-12.4684397896501,-14.0523583716817,9,1
176,-13.7581629115044,-14.0177970568885,27,49,-11.2559357832712,-13.26244634845,9,1
177,-13.6393204610852,-13.3496149068669,27,47,-10.615355804124,-12.776834437959,9,1
178,-13.2599491292466,-12.8260579387843,28,46,-10.3322998830701,-11.8960284723139,9,1
179,-11.704654372835,-11.5763989466006,24,46,-9.76652196622053,-10.7567028340776,9,1
180,-12.2322449131343,-12.1126027614318,27,40,-7.52953476968266,-8.81239306697329,9,1
181,-12.0715225852159,-11.9849645558384,25,41,-8.16734839572536,-9.37071564004936,9,1
182,-12.0078278789953,-11.6586601352265,25,40,-7.91736703595531,-8.91289265982814,9,1
183,-11.7080554083274,-11.1362237865194,24,40,-8.05227333643012,-8.58770892675003,9,1
184,-11.813154664655,-10.5773247814129,27,39,-7.5502896873042,-7.14481645861576,9,1
185,-11.7100825183387,-9.99204321153951,24,40,-8.28780631700925,-7.39673859038677,9,1
186,-11.1683495246343,-9.52204143231999,23,38,-7.15328283131183,-7.07398580760002,9,1
187,-10.8581360965887,-8.708246098674,21,38,-7.80023544188594,-6.60015266842253,9,1
188,-11.1227797029371,-8.35517785039124,24,38,-7.99267376804183,-6.28683967039235,9,1
189,-11.6577382197454,-7.72879236285317,21,40,-9.35817194796711,-6.0618492177667,9,1
190,-11.8747883673665,-7.42832085503294,22,39,-9.49565615778167,-5.64479386921796,9,1
191,-11.9463019735291,-7.34225701100296,20,39,-9.72674087457649,-5.64524347906829,9,0
192,-12.0355341171427,-6.97646220508192,21,39,-9.8864994898852,-5.0799173986494,9,0
193,-12.1004454810854,-6.77876569018889,21,38,-9.30297270119925,-4.8733471276589,9,0
194,-12.0109843185532,-6.32202605317227,19,38,-10.6627426433435,-4.87369106985893,9,0
195,-12.4323060258012,-6.64572973135553,15,33,-9.47862037288804,-4.33030672904145,9,0
196,-12.5713098431048,-7.53370951679383,10,31,-12.1135754071105,-4.88850238727823,9,0
197,-12.8107998821884,-6.70378350029861,1,34,-12.662090493469,-7.30995549984538,9,0
198,-13.4030087816812,-5.49412361654282,1,33,-12.9753387175455,-7.29604008391372,9,0
199,-13.5775539860042,-4.10194990202356,1,36,-13.0955754549306,-7.29692775702666,9,0
200,-13.5017412148712,-3.32466480004783,2,39,-12.7833003838051,-4.44100130867008,9,0
201,-13.3463451597581,-2.72311518936331,1,37,-12.9264166735298,-7.72473020494092,9,0
202,-13.2860042136729,-2.15869269319551,3,39,-12.7811735881865,1.0761893255276,9,0
203,-13.2266713113726,-1.43322712187239,2,37,-12.9845864689545,-3.95332450362774,9,0
204,-15.2837813973317,-16.1089564321327,28,53,-14.2213323089642,-15.4431462206647,10,1
205,-15.572720129842,-16.1050786237123,28,52,-13.315861448487,-15.0610236867996,10,1
206,-14.9841700411312,-15.9681116068511,27,51,-12.7018598934898,-15.0913838227392,10,1
207,-14.6796415412634,-15.6422869503491,27,51,-12.7381352409845,-14.8161215671335,10,1
208,-14.0836304000661,-15.2699582259449,27,52,-13.025149977342,-14.50796995536,10,1
209,-11.744667800194,-12.4950186731903,27,42,-7.09256028299888,-10.8851276376345,10,1
210,-11.6557843169395,-11.7804519109345,27,43,-7.58428442878834,-10.4807713495894,10,1
211,-11.3654849385855,-11.2716627736775,27,42,-7.72091347548975,-9.89373795955228,10,1
212,-11.3357209133046,-10.7301054489468,28,42,-8.10968328911529,-9.39017400542121,10,1
213,-11.7607858367537,-11.3954558097338,26,41,-7.54883643095917,-9.07818101796743,10,1
214,-11.2106001065249,-11.3674735692353,25,41,-7.85518161384716,-8.62876909893085,10,1
215,-11.3193565191473,-11.2037314823934,24,40,-7.54488561488826,-8.7270857939456,10,1
216,-11.3022983159584,-10.8579088863323,22,40,-7.74564190272176,-8.73047851919222,10,1
217,-11.3631953092838,-10.3895445586647,23,39,-7.25227163654339,-8.09280010958857,10,1
218,-11.3714746011304,-9.95607873033381,22,40,-7.97160634782305,-7.80620080474922,10,1
219,-11.3184341502278,-9.39787930577134,23,39,-7.30710786353024,-7.20297062140684,10,1
220,-11.2073546672698,-9.25106719993303,24,39,-7.46822763182205,-6.7794171974685,10,1
221,-11.12753270303,-8.59212482684391,22,38,-7.27768398373217,-6.54188961139933,10,1
222,-11.1758256653145,-8.24518500972303,20,37,-6.87557789259296,-6.62867278786009,10,1
223,-11.4371410294817,-7.44830271978834,20,41,-9.4422153316676,-6.21835491366714,10,1
224,-11.6537968199561,-7.03443311476688,20,41,-9.82172230659667,-5.76794037885441,10,1
225,-11.6077791836737,-6.81533052222235,19,40,-9.70440429703145,-5.52433573922639,10,0
226,-11.4605626142199,-6.52695462249262,18,40,-10.140832236197,-5.47593778370882,10,0
227,-11.5299547939518,-6.30549178290638,17,39,-10.0115162102191,-5.44078708744945,10,0
228,-11.7669060322108,-6.27097118716566,21,40,-10.6877249199688,-4.47629497086719,10,0
229,-12.2119869999382,-6.57107365069933,16,37,-11.3373354467161,-4.77461106179493,10,0
230,-12.6019825018286,-7.38348278978668,1,34,-12.2433558925062,-8.67712487400442,10,0
231,-13.1164373062555,-6.52355613005995,1,34,-12.7445365336744,-8.73634434052802,10,0
232,-13.3480682243665,-5.44157929913125,1,35,-12.9075182548114,-9.1354918531886,10,0
233,-13.446085832214,-4.213272356606,1,37,-12.8584556081757,-9.22362673172445,10,0
234,-13.2473483821278,-3.38015177290135,1,40,-12.8096874861726,-9.13628812844207,10,0
235,-13.0812715563728,-2.68184110795716,2,40,-12.8786024783337,-8.25175172263513,10,0
236,-12.9708180565986,-2.0127084639821,4,40,-12.8339105402218,0.905018430835098,10,0
237,-12.9175839921431,-1.29676359904744,11,39,-12.9175839921431,-1.29676359904744,10,0
238,-15.2265874231315,-15.6615578962133,28,44,-8.55422053961945,-14.7200200369185,11,1
239,-15.2009348297772,-15.6782331770124,27,49,-11.4031416125853,-15.0550077598561,11,1
240,-15.1863469330318,-15.6013215505945,28,53,-14.0560321203214,-14.4895444325168,11,1
241,-14.9554988254797,-15.5961229565655,28,52,-13.341007450143,-14.3549887886539,11,1
242,-14.3221138384301,-15.0016054558748,28,52,-13.0024165574806,-13.7055974090627,11,1
243,-13.9486450703178,-14.2622503499582,27,49,-11.3380998690468,-13.5828843873224,11,1
244,-13.5562068665591,-13.5604102636976,27,49,-11.4238855921388,-12.8416039740013,11,1
245,-13.2961576252118,-12.8371269648822,27,49,-11.3860772221147,-12.2079872216883,11,1
246,-12.8881221510908,-12.2792780216461,28,48,-11.1065259827706,-11.5129543516754,11,1
247,-12.9153895982397,-12.2838557418685,26,41,-8.80026460869527,-10.878939368078,11,1
248,-12.9948332467823,-12.0511136481301,27,42,-8.84361485464369,-9.39165320518534,11,1
249,-13.156164361178,-11.9405902368776,27,41,-8.45109101518204,-9.03417615790888,11,1
250,-12.7952005449344,-11.6494506281194,27,40,-8.12938567002655,-8.59726490535971,11,1
251,-12.4876137108573,-11.2502922983318,27,39,-7.96503042090187,-8.14870624558631,11,1
252,-11.9901546049828,-10.7130004491537,25,39,-7.96624653516116,-7.72380071870141,11,1
253,-11.7327071625214,-10.2031860099812,24,38,-7.49018359607375,-7.39070705773301,11,1
254,-11.3726153133214,-9.74757085905554,24,39,-8.12691817396884,-7.13307343701897,11,1
255,-11.2918592827938,-8.9540615704488,24,37,-7.55145585570916,-6.56226776152006,11,1
256,-11.3984600755152,-8.48942072401559,24,38,-8.24130444159367,-6.13928438081621,11,1
257,-12.0500515628402,-7.62817339634582,24,40,-9.8100563042299,-5.75295661816477,11,1
258,-12.3192929074086,-7.30707796451212,23,40,-10.1993274165945,-5.4114508374509,11,1
259,-12.3980724018316,-7.20005705407956,22,40,-10.3095314161809,-5.18681784318878,11,1
260,-12.5063008372127,-6.88600018199094,20,39,-10.0523653750271,-5.17934708930089,11,0
261,-12.3856776821177,-6.64115602677613,18,38,-9.76568588005836,-5.29877145051679,11,0
262,-11.7765258739064,-6.56705625364501,18,39,-10.8725390259215,-4.89125971441469,11,0
263,-12.3102129279032,-6.50804124167612,14,34,-10.4974600838165,-4.68533262109454,11,0
264,-12.3956250170649,-7.72487348384096,10,32,-12.1010336996868,-5.79449984499957,11,0
265,-12.7540509831334,-6.6712296108438,7,32,-12.5312535358773,-5.92328002362513,11,0
266,-12.9727452700113,-5.54148484913453,1,33,-12.9351260268245,-7.41872441867709,11,0
267,-13.249521778094,-4.12952031769396,3,37,-12.8684467709998,-1.23448633377844,11,0
268,-13.207363502694,-3.64968390942367,1,39,-12.8936620451824,-8.03414349312563,11,0
269,-13.1286884434829,-3.05058307715578,3,39,-12.9551256693696,1.06325573721623,11,0
270,-13.0689269430317,-2.4950465822258,11,41,-13.0081599875333,-2.43104435249422,11,0
271,-13.1700334590502,-1.90618068806118,11,42,-12.9842335053349,-1.80297516165274,11,0
272,-13.4145597312637,-12.6195685722019,27,41,-6.19517179324977,-11.0171728534057,12,1
273,-13.3627859692603,-12.5122546739424,27,39,-5.35405217562226,-10.8858574497384,12,1
274,-13.4510975973581,-12.5522017264192,27,40,-5.72755751802896,-10.7503258264076,12,1
275,-12.9940976348491,-12.3941134126074,26,38,-5.33672536521007,-10.4254698891599,12,1
276,-12.5953640337073,-11.9702555597999,27,40,-6.42299351352522,-10.0745664863628,12,1
277,-12.2950550855774,-11.3262645584216,26,40,-6.91783910439182,-9.90125875821288,12,1
278,-12.0961625472867,-10.8355067253493,26,43,-8.10846156208874,-9.67152256563867,12,1
279,-11.9390512391589,-10.3333633566038,25,41,-7.63702629722545,-9.34441689889707,12,1
280,-11.7961374459499,-9.94564942607852,26,44,-8.90700870981332,-8.99726606668809,12,1
281,-11.6965227927823,-10.6153353252786,26,38,-6.71675193267594,-8.29491684785636,12,1
282,-11.8863627696957,-10.5448047421336,24,39,-7.19599622013397,-8.19645053715895,12,1
283,-11.8724653171882,-10.4407631389895,24,39,-7.40468409913258,-8.10614962943786,12,1
284,-11.8436281252579,-10.2064946165232,26,38,-6.99511929711994,-7.46851850718216,12,1
285,-11.5798309224543,-9.78741077408386,25,38,-7.04708679466083,-7.23004272218502,12,1
286,-11.4679067529805,-9.47322521558983,25,38,-7.24618440206438,-6.88945734733642,12,1
287,-11.4329259850387,-9.09234154070728,25,38,-7.48311282971737,-6.53485272931308,12,1
288,-11.3957685787065,-8.81924464461289,24,38,-7.56191058188529,-6.29322578464784,12,1
289,-11.2023631805833,-8.40999717901946,23,36,-6.7345483892626,-6.11279429307096,12,1
290,-11.2263682202019,-8.06327951447672,22,36,-6.86299514471232,-5.9398947662377,12,1
291,-11.2737879561382,-7.36531508993356,20,38,-8.59384545295792,-5.91307134068872,12,1
292,-11.4312101805348,-6.709932136191,22,41,-10.0828290338975,-5.22737816514446,12,1
293,-11.3344448246984,-6.36091301551158,20,39,-9.46899878404214,-4.90945910905438,12,0
294,-11.1612805898318,-6.11772804742268,18,40,-10.1517100557987,-4.92525961260997,12,0
295,-11.2403416539126,-5.88540871639558,17,39,-10.1937896301701,-4.85734221618271,12,0
296,-11.4498036040249,-5.78022026540293,18,39,-10.558435297641,-4.44620483194938,12,0
297,-11.9354295874515,-6.14201581668593,11,35,-11.1855019259286,-5.32241317114707,12,0
298,-12.1957719006783,-6.54982654665953,5,34,-12.0922257268443,-6.37355969812719,12,0
299,-12.4419074029877,-5.67743105404135,1,34,-12.3678788023034,-5.44215534699267,12,0
300,-12.7647898771519,-4.77734803937663,1,35,-12.5526715224121,-7.36370594915431,12,0
301,-12.8872979066843,-3.78945139584498,1,36,-12.5947680741529,-8.36801528124389,12,0
302,-12.8486947373443,-3.09585188034548,2,37,-12.5456695262831,-9.19507315692063,12,0
303,-12.7062534861694,-2.46627733629212,3,39,-12.5403845523014,1.07225201598107,12,0
304,-12.6075072248016,-1.83007961950835,3,39,-12.541188122928,1.05866005908736,12,0
305,-12.5526033979699,-1.09234353842686,11,38,-12.5418581455556,-0.993690537922018,12,0
306,-15.1682253067505,-16.3652384097739,28,35,-4.50048695477744,-15.3786157504597,13,1
307,-14.8238549407973,-16.3701015770259,27,36,-4.87018336926611,-15.5499538243181,13,1
308,-14.982625649108,-16.4707615712692,27,37,-5.47197136485439,-15.2857809864612,13,1
309,-14.8169250743036,-16.1851332089309,27,37,-5.61901417271234,-15.0226528265204,13,1
310,-14.2072287652552,-15.2384391628871,28,51,-12.3500644728094,-14.5602267953083,13,1
311,-13.9866708867374,-14.6470113479507,27,52,-12.7966416644146,-14.0598389641767,13,1
312,-13.5570736834943,-13.9712704616381,27,49,-11.2038886764896,-13.3034778138431,13,1
313,-13.337701615861,-13.3402418305258,27,50,-11.8036081879484,-12.7210426166195,13,1
314,-13.0703468242059,-12.8520151060296,28,47,-10.1932531176225,-11.9180362091419,13,1
315,-13.0138336222227,-12.1843842115286,27,47,-10.2822804452925,-11.3996416982565,13,1
316,-12.9054004921563,-12.3928368791737,27,37,-6.71595595231428,-9.60302880428848,13,1
317,-12.9714583232094,-12.4429570331718,27,37,-6.71245375063306,-8.88438186857568,13,1
318,-12.997967307074,-11.9041249576897,27,36,-6.40045610444348,-9.19500320452143,13,1
319,-12.5524449798453,-11.419075798554,26,40,-8.69569402172629,-8.68952224548987,13,1
320,-12.2785183560108,-10.8886202882589,24,39,-8.12372306146162,-8.103469157993,13,1
321,-11.7605650018064,-10.09712129405,25,39,-8.23678240106049,-7.49293343236723,13,1
322,-11.4848594546161,-9.60474111651857,23,38,-7.69119924539542,-7.30379063096199,13,1
323,-11.4121418339839,-9.15633723266829,21,36,-6.80776408954484,-6.83051296358861,13,1
324,-11.6868413961845,-8.84095484047213,23,36,-7.04087899194611,-6.48408493481412,13,1
325,-11.8614224297277,-7.97303512222133,21,39,-9.07369305808641,-6.25986265558862,13,1
326,-12.3622487008749,-7.45720895647978,23,41,-10.5010723126177,-5.58858383538449,13,1
327,-12.3290728800221,-7.41429175369754,22,40,-10.4552885831752,-5.48304910008203,13,1
328,-12.8037273877459,-6.93663724659538,22,40,-10.3163788904513,-5.36579323551225,13,0
329,-12.6752993017324,-6.45602594482304,21,41,-10.3688274926575,-5.25064475402559,13,0
330,-11.7581446883116,-6.29837431168926,20,38,-10.2066672944063,-4.49463945012285,13,0
331,-12.2356721379635,-6.26319087191782,13,35,-10.7861833034518,-4.78636504632339,13,0
332,-12.4307913021677,-7.61840029885007,10,33,-12.1234977501152,-5.39058357168544,13,0
333,-12.757103742306,-6.73494201147773,1,34,-12.7257131667709,-7.40559929152547,13,0
334,-13.0189869461501,-5.72871744378168,1,35,-12.8912408003476,-7.72228619176179,13,0
335,-13.3270249566612,-4.35931424067746,1,37,-12.9397829985703,-7.99879135557578,13,0
336,-13.3002565243771,-3.45838531186918,1,38,-12.9581746646176,-7.87743649502637,13,0
337,-13.1559028531045,-2.84714158410986,3,38,-12.9897791413799,1.4102850865852,13,0
338,-13.0252880304768,-2.24205457612812,3,39,-12.9613728652849,0.97400250426298,13,0
339,-12.9994298335637,-1.53755890316729,10,39,-12.9936552437803,-1.53099914705204,13,0
340,-14.5245278934503,-16.0054237959567,27,35,-4.50081429060725,-15.2142699576985,14,1
341,-14.4795089587323,-15.9641681961678,27,37,-5.22397506161926,-15.2348671587865,14,1
342,-14.5572840705147,-15.799690672579,27,35,-4.47358146370702,-15.0268482862389,14,1
343,-14.0642179503357,-15.5700988696721,27,53,-13.4714500041805,-11.3320675698823,14,1
344,-13.8884789241107,-14.7614270941242,27,53,-13.1051652754099,-14.1990686519189,14,1
345,-13.5819680864729,-14.2059186366441,28,51,-12.1157730921687,-13.216262482271,14,1
346,-13.1364119505356,-13.5446307148309,28,49,-11.10916037902,-12.5689195043939,14,1
347,-13.1089873571033,-13.0311551948798,27,49,-11.1818584189582,-12.3193405763722,14,1
348,-12.8306551441794,-12.3511110323443,27,48,-10.841352275226,-11.6686103609634,14,1
349,-12.5627149909275,-11.6650263873651,27,46,-10.1583998982394,-10.8433111351337,14,1
350,-12.8496035885888,-11.8961084069595,27,41,-8.21509129456954,-9.51858720787952,14,1
351,-12.807854879395,-11.7606628442741,27,40,-7.86300365755006,-9.09228139404344,14,1
352,-12.7040815744243,-11.6701116602681,26,40,-7.91675463248713,-8.71902220036963,14,1
353,-12.4584123803842,-11.320138175918,25,39,-7.67813952056866,-8.45118663935492,14,1
354,-12.2350761423669,-10.7904716026114,26,40,-8.48861246461065,-7.53445376181218,14,1
355,-11.7627787461446,-10.4209721338472,25,39,-8.19499230003634,-7.13336280889156,14,1
356,-11.5334701054013,-10.1773482388506,23,39,-8.31304826666891,-7.30705245708057,14,1
357,-11.2736800771589,-9.65755741565818,21,38,-8.15593663970304,-7.11960036623709,14,1
358,-11.1815176372398,-9.40250458632465,22,37,-7.9150631215619,-6.64165256633057,14,1
359,-11.2106604492941,-9.13083637437364,20,38,-8.623310608125,-6.61507286968907,14,1
360,-11.4349348622071,-7.94998055484761,21,40,-9.70572501891771,-6.03814540347093,14,1
361,-11.5167103738268,-7.13600001791466,21,41,-10.2737142972215,-5.79178229876031,14,1
362,-11.5415042178321,-6.62758911207978,18,41,-10.6089451842649,-5.74076197711287,14,0
363,-11.4876572012165,-6.41275142356433,18,41,-10.670719806183,-5.44898578063315,14,0
364,-11.7734341067389,-6.21887907951684,18,40,-10.6079583739835,-5.08431640928454,14,0
365,-12.0247039334267,-6.35822150021121,13,38,-11.2027572038505,-5.61792819356328,14,0
366,-12.2051038606905,-8.09004144703286,9,33,-11.9178288782983,-6.89105160758352,14,0
367,-12.6233811182228,-6.86142452552741,1,34,-12.4769906530185,-7.07176147152477,14,0
368,-12.8851130413432,-5.85392034939748,1,36,-12.7132348522439,-7.58134255991507,14,0
369,-13.1496993569413,-4.37622111392471,1,36,-12.8656703688891,-7.77864625955216,14,0
370,-13.0671728323106,-3.43895834440581,1,37,-12.8131847415176,-8.30774719939949,14,0
371,-12.9827375247712,-2.85515267730717,2,39,-12.8018543246783,-4.70949119164359,14,0
372,-12.8854741003982,-2.18012026987272,4,39,-12.8256940043828,0.880770325275156,14,0
373,-12.8929709367069,-1.54120411002032,11,39,-12.8929709367069,-1.54120411002032,14,0
374,-12.9415492546391,-13.7513547021606,28,39,-5.17830663906227,-11.5249745550411,15,1
375,-12.9531154928773,-13.798039659981,27,39,-5.3371562288336,-11.3696148278416,15,1
376,-12.8082676476396,-13.7677630560602,28,39,-5.34161673807955,-10.9007378375631,15,1
377,-12.6233331111851,-13.3155104542888,27,38,-5.37165522174249,-10.8330179051582,15,1
378,-12.2694634119111,-12.709757471174,28,40,-6.30991552674532,-10.3418813220374,15,1
379,-12.0392388479468,-11.9767345231247,26,39,-6.33252058864626,-10.2286695132767,15,1
380,-11.9095722082106,-11.2810641553273,27,41,-7.22485440654739,-9.98126928309321,15,1
381,-11.8627250634181,-10.7097530434158,27,41,-7.62267604303216,-9.27382314625896,15,1
382,-11.5189976833869,-10.0969113554245,27,44,-8.76884045561576,-9.11906105740074,15,1
383,-11.5306278662388,-10.9853570174176,25,38,-7.07786986098614,-8.76581639987437,15,1
384,-11.8628679386952,-10.8245345096279,25,39,-7.13188417752605,-8.20596517459645,15,1
385,-11.8569926511186,-10.6629996216583,25,38,-6.95725214064286,-7.71424504282643,15,1
386,-11.7026896928817,-10.4809006083405,26,38,-7.03405812943167,-7.32303481864702,15,1
387,-11.5588244884138,-10.0459256086235,24,37,-6.76445450343066,-7.26096890151088,15,1
388,-11.3766602021379,-9.57759020703022,25,38,-7.26962917624378,-6.81369331576586,15,1
389,-11.3711812871145,-9.1421215411113,24,37,-6.95586395085537,-6.5218242581518,15,1
390,-11.3163692972477,-9.03424004309224,23,38,-7.51166977342921,-6.69016694909738,15,1
391,-11.1812977300338,-8.52302627922094,25,37,-7.36246983756658,-6.12562964781366,15,1
392,-11.1160795255827,-8.27757619045219,23,37,-7.50994648648049,-5.94496336140367,15,1
393,-11.2107284803781,-7.98636193329548,23,36,-7.16947375129406,-5.78132162456062,15,1
394,-11.4610507219196,-6.8175642947926,22,41,-9.95155213487757,-5.48863038687465,15,1
395,-11.3099675569539,-6.49913423622162,20,40,-9.8679349347215,-5.07662089846163,15,1
396,-11.2016154601818,-6.11809239896776,18,40,-10.0746624496156,-5.24348441356145,15,0
397,-11.1990459293201,-5.91173003930146,19,39,-10.00782336172,-4.60112013175625,15,0
398,-11.5929474821754,-5.72915858783219,16,39,-10.6970246915384,-4.92235458941651,15,0
399,-11.9778632534651,-6.54734890231746,16,35,-10.8986106878631,-4.35299983547952,15,0
400,-12.1582161862376,-6.82879885919219,6,34,-12.1582161862376,-6.82879885919219,15,0
401,-12.6592542362851,-5.99447879223904,30,34,-10.0490832344094,-1.47494089629058,15,0
402,-13.1173606905777,-4.98636361336433,1,35,-12.8895862837366,-8.71250277381166,15,0
403,-13.3457392371942,-3.95201678536515,1,35,-13.0355577972465,-7.93602322047139,15,0
404,-13.2622229482236,-3.04754053491895,1,38,-12.9801898788726,-9.03579296498696,15,0
405,-13.1378968255969,-2.53184310379174,2,39,-12.9847244902122,-3.72316227297765,15,0
406,-13.022848913764,-1.82142283813687,9,39,-12.9973509526726,-1.65753250317324,15,0
407,-13.0400966450342,-0.993997805311005,9,39,-13.0276567136762,-0.869915491583213,15,0
408,-15.7742060542513,-16.6314044523535,28,50,-12.4724788515993,-15.5541092086056,4,1
409,-15.7680800142281,-16.5997315260548,28,51,-13.3244238314048,-15.3092910949793,4,1
410,-15.6212623520985,-16.467690703899,28,50,-12.4445817093532,-15.1473421847724,4,1
411,-15.1917939532134,-15.9872157526258,27,49,-11.6258310995851,-15.1911413759167,4,1
412,-14.4344382034579,-15.190156756157,28,50,-12.2801372376279,-13.8654097035347,4,1
413,-14.2370069549609,-14.3286901420634,27,49,-11.6584288692199,-13.4666102028123,4,1
414,-13.593763089412,-13.5176111807831,27,47,-10.5690157407027,-12.7707695304043,4,1
415,-13.1947786539156,-12.7484892863139,28,48,-11.1334912267441,-11.7698072024671,4,1
416,-12.9946869708245,-12.1782920578038,27,47,-10.8337281702314,-11.4674038006958,4,1
417,-12.7935140894175,-11.9774060300765,27,43,-9.3603565758664,-10.1301557647525,4,1
418,-12.7665700680959,-11.585248821595,27,43,-9.61102657182678,-9.21639371707633,4,1
419,-12.4555638615702,-11.1786360878443,26,43,-9.74648538698262,-9.00792769266621,4,1
420,-12.1618320858112,-10.9328666652899,26,41,-8.84268721234223,-8.73019873921637,4,1
421,-12.03659939385,-10.168776901333,27,42,-9.54862861840418,-8.09641767697939,4,1
422,-11.7206564884067,-9.3149095706979,23,41,-8.9361480212031,-7.82825206241931,4,1
423,-11.5011761292588,-8.51680719996448,23,43,-9.9877681931238,-7.21842894148032,4,0
424,-11.2708804174225,-8.1223604829355,23,42,-9.6726235922891,-6.94846077252692,4,0
425,-11.3541843789985,-7.654271675013,19,41,-9.82021856296704,-6.93925174144834,4,0
426,-11.3215639134517,-7.50619776669173,18,40,-9.64096137117673,-6.80353844369381,4,0
427,-11.3888964714169,-7.30648894178671,17,40,-10.1754887207202,-6.54989199633993,4,0
428,-11.5139833682899,-7.32887785867858,17,39,-10.2558881933032,-6.23267012835137,4,0
429,-11.5448856384669,-7.36661813345923,17,38,-9.92243793514561,-5.83018178845688,4,0
430,-11.5517287238716,-7.19905978520503,16,38,-10.1616214277199,-5.71084478027502,4,0
431,-11.7056503856163,-7.23745447311173,16,36,-9.67991248873962,-5.46926537267879,4,0
432,-14.6479200285283,-16.2688415421948,27,51,-12.7620866054544,-14.9742769906601,5,1
433,-14.7729237427621,-16.2177590729944,27,51,-12.7626275757548,-14.8870262597045,5,1
434,-14.3052126974709,-16.0699015041923,27,51,-12.6922549486619,-14.9112154206428,5,1
435,-14.2448386462757,-15.6731067493953,27,50,-11.8893273730442,-14.3824046149868,5,1
436,-13.412343162656,-14.8317653729865,26,51,-12.4332801117893,-14.1015528343059,5,1
437,-13.2889004463703,-14.0418913044791,27,47,-10.2789349307476,-12.9481642237854,5,1
438,-12.7677672391406,-13.3290639972113,25,47,-10.2590975886309,-12.7469305101383,5,1
439,-12.6917140225301,-12.6251424476394,26,46,-10.2734240738742,-11.9098661853963,5,1
440,-12.3754923510572,-11.9301072393761,28,47,-10.5469038433349,-10.9957167129541,5,1
441,-12.2957425877113,-11.613385788847,27,42,-8.79733205897028,-10.2098480603317,5,1
442,-12.3278509438449,-11.3963980509328,24,42,-9.29086748371377,-9.6733487641062,5,1
443,-12.1464760999958,-11.0662798953223,25,42,-9.37509730208216,-8.99212605401462,5,1
444,-12.1229460693665,-10.860589318092,26,41,-8.85166081281267,-8.59024101935293,5,1
445,-11.9082808825197,-10.1381249955359,24,41,-9.04515044677676,-8.40152519562644,5,1
446,-11.7553863872556,-9.48157970341987,25,40,-8.24953520698543,-7.62435949463147,5,1
447,-11.4941270116831,-8.80645624171967,24,40,-8.4690342085449,-7.33746237046566,5,1
448,-11.3516522745301,-8.46277948577732,24,42,-9.38847902833038,-6.99095316438705,5,1
449,-11.3393043801927,-7.8136140758584,23,42,-9.75012042780261,-6.5069137386789,5,1
450,-11.5276286126411,-7.71362195088682,25,41,-9.80109591670606,-5.86035355112406,5,0
451,-11.5368066576769,-7.583753097975,21,40,-9.70754617796634,-5.94499386876738,5,0
452,-11.616512050941,-7.45149689140608,21,40,-10.0963431870481,-5.53954348163438,5,0
453,-11.4925099010254,-7.32284116378554,21,38,-9.43395744810008,-5.12835032954648,5,0
454,-11.3700993665436,-7.22546692809602,19,38,-10.1227364396519,-5.15751824811352,5,0
455,-11.3971981868084,-7.18875072905141,15,37,-10.2849833143686,-5.74534336334548,5,0
456,-11.4002652649192,-7.37132886371947,15,35,-9.59245164276362,-5.19119658708195,5,0
457,-13.0567981744042,-8.65097261476711,1,32,-12.1311272695674,-7.53637811579776,5,0
458,-13.3805047540179,-7.78472401571206,1,32,-12.6675916344307,-7.65879730958575,5,0
459,-13.51083760468,-6.3909604637278,1,33,-12.7904887075778,-7.2028341197611,5,0
460,-13.4066962067141,-5.28678920908096,2,34,-12.8462828702828,-4.37907219391742,5,0
461,-13.3237169041551,-3.87427561129034,1,36,-12.7795168675284,-7.45700414786705,5,0
462,-13.1304793908017,-3.09961077703332,2,37,-12.7304002471701,-4.23253748920873,5,0
463,-12.9458373481828,-2.50663164432034,2,38,-12.7104820243547,-4.26443339772748,5,0
464,-12.8038391194738,-1.94481299324143,3,40,-12.6822053076717,0.99765105518548,5,0
465,-12.7387811824539,-1.16681472458665,11,38,-12.7125019487852,-1.15040018295934,5,0
466,-15.1339168743866,-16.1658236695556,28,52,-13.4536974643305,-14.8793915396485,6,1
467,-15.177516040373,-16.3499059753964,27,52,-13.5084524217308,-15.7859655048383,6,1
468,-15.0347284486035,-16.0951307198961,28,52,-13.4797230151974,-15.1072235132271,6,1
469,-14.7902497735697,-15.756694675128,27,52,-13.2596088152513,-15.3492256579053,6,1
470,-14.2096770998057,-15.1298650144921,27,52,-13.0496177653442,-14.3384215784968,6,1
471,-14.0459184693785,-14.3744816078246,27,50,-12.1035643224855,-13.6029484009069,6,1
472,-13.3846132123359,-13.3782109968995,26,46,-10.0092253206497,-12.875330812148,6,1
473,-13.2544322670013,-12.9282915060465,27,47,-10.4809833512671,-12.1807556757717,6,1
474,-12.7817717938984,-12.2144176603165,26,48,-11.2607531882244,-11.6852229184606,6,1
475,-12.6818123279916,-12.0330010560982,27,43,-9.10203811829629,-10.7029157231875,6,1
476,-12.5572514593277,-11.6584080119804,27,42,-8.96092066319617,-9.45044793276995,6,1
477,-12.5090592505458,-11.2677729359894,26,42,-9.22691548984701,-9.13616131453268,6,1
478,-12.4212857722488,-11.2161861561683,27,42,-9.30413159113709,-8.87385818828827,6,1
479,-12.1933823808089,-10.4664838828642,25,41,-8.704736003142,-8.48240198416048,6,1
480,-11.7678069073727,-9.63414511969855,25,41,-8.86229968460531,-7.76134458450222,6,1
481,-11.3354007273752,-8.77590112632181,25,40,-8.38588700688658,-7.3024287938952,6,1
482,-11.0332267311431,-8.06413180485318,22,41,-8.98220861672458,-6.91699659971369,6,1
483,-11.2868032898965,-7.6731883950309,23,42,-9.73432762839646,-6.38326545969077,6,1
484,-11.5841813284296,-7.58645279500142,23,42,-10.3617466502939,-6.18626001412287,6,1
485,-11.6145305031132,-7.47367244104165,23,40,-9.88752284659069,-5.61996117550037,6,0
486,-11.819620345194,-7.30599060339476,23,41,-10.4811569903077,-5.29478818108996,6,0
487,-11.7938169111295,-7.25114776712582,23,39,-10.1131711876815,-5.05082388991115,6,0
488,-11.8465754388507,-7.06928084041399,21,37,-9.93469887570391,-4.73753172565055,6,0
489,-11.7612424682243,-7.00102072312521,17,36,-10.1527328051425,-4.93643369518138,6,0
490,-15.5156803451352,-16.2746868939744,28,52,-13.5369109540843,-15.424312578753,7,1
491,-15.5145037703951,-16.1905813708874,27,51,-12.8613340313781,-15.7078397049808,7,1
492,-15.3228764547174,-16.3437281041345,28,50,-12.0815845012252,-15.5246080457178,7,1
493,-15.1242521923217,-16.1179081641676,28,51,-12.9109716980856,-15.1412494551938,7,1
494,-14.592832799201,-15.576059199079,27,49,-10.5108823184251,-14.8899877329945,7,1
495,-14.39980037159,-14.8127269053277,28,50,-11.0778969666875,-13.7133895641107,7,1
496,-11.8342993030136,-13.9366556283333,23,48,-10.9655226151587,-13.6812355293267,7,1
497,-12.7410007183062,-13.266856302535,28,48,-11.2205207196038,-12.3640269997404,7,1
498,-12.3814387230347,-12.5530902046641,25,49,-11.6250125289537,-12.1542982402729,7,1
499,-12.8193866185899,-12.2413136407977,25,45,-10.5441171696415,-11.0285361374948,7,1
500,-12.8087517242348,-11.8612748769719,26,43,-9.78923769091766,-9.77351297395387,7,1
501,-12.8732914884506,-11.6625853236534,27,42,-9.24023149290076,-9.18461804435347,7,1
502,-13.0456242121499,-11.4596980058299,27,42,-9.40318105714543,-8.9032060946038,7,1
503,-12.7226317226978,-10.8628082675177,26,40,-8.52071881594756,-8.47297834447062,7,1
504,-12.2204278037661,-10.1774310881239,25,40,-8.62121476311641,-7.76269583962366,7,1
505,-11.5747833274623,-9.10668700289692,23,40,-8.84948265634899,-7.33941461660831,7,1
506,-11.2625891886863,-8.63459143629492,22,38,-7.99937610390357,-7.16241270228431,7,1
507,-11.4550287600079,-7.93964665314192,25,40,-8.96765028868678,-6.44245548129753,7,1
508,-11.8373746261262,-7.69985560231659,23,41,-9.80220486282746,-6.22279345405486,7,1
509,-11.9676841968914,-7.59362873922043,22,41,-10.3690831084208,-5.86708799137618,7,1
510,-12.2310443689017,-7.52804302653279,22,39,-9.84157483775131,-5.5228764553925,7,0
511,-12.1978898412775,-7.48198224193152,22,39,-10.344636771084,-5.30420608481141,7,0
512,-12.2910536860878,-7.21366704733694,22,38,-10.3069966526392,-4.86071225273143,7,0
513,-12.352753982183,-7.05645439674804,18,37,-10.4578828535607,-4.91845504596497,7,0
514,-14.921455013813,-15.9321232885987,28,52,-13.0640121892847,-15.1836074288485,8,1
515,-14.8643543155009,-15.920604685787,28,53,-13.6940360762456,-15.0615707288977,8,1
516,-14.4762602152731,-15.8892430553965,28,51,-12.2769808371958,-14.969331790943,8,1
517,-14.4516244942602,-15.6327923515216,28,49,-10.8574188407692,-14.5609706194621,8,1
518,-13.8952089606228,-15.0116478696447,27,51,-12.1656460413439,-14.2114888335122,8,1
519,-13.4139148233222,-14.3192491799877,26,50,-11.6717118576114,-13.8619716889662,8,1
520,-13.1251213357258,-13.5357702807443,28,46,-9.91076028218351,-12.5901344989306,8,1
521,-12.9511447910984,-12.9137158882914,27,47,-10.4303903771524,-12.165425004102,8,1
522,-12.5121678662956,-12.3699575486517,28,46,-10.0018504166616,-11.3423976196959,8,1
523,-12.5373818766635,-12.2752703835949,27,43,-9.19087118407492,-10.3245623801593,8,1
524,-12.4230286832889,-11.8462156491528,26,42,-9.03385074351679,-9.43466521483164,8,1
525,-12.3589607706534,-11.6241316897748,27,41,-8.60805321813946,-8.93361434680234,8,1
526,-12.3223514375517,-11.2420996177327,26,41,-8.69752299244105,-8.6826042361737,8,1
527,-12.074240680987,-10.7095547142141,26,40,-8.398520157403,-8.36984824897984,8,1
528,-11.4046215507282,-9.67691929504131,24,40,-8.44666118426758,-7.89149002511895,8,1
529,-11.1352100597925,-8.83683181007158,23,39,-8.199073530234,-7.26418083080667,8,1
530,-11.0640726891572,-8.67488428204662,22,39,-8.25300230694482,-6.937821662511,8,1
531,-11.1403463674004,-8.03048822581127,22,41,-9.72624812894552,-6.48657230072621,8,1
532,-11.4304660120931,-7.59069697032458,25,41,-10.2595729483414,-5.9152395402775,8,1
533,-11.4803460981467,-7.38175519385839,20,39,-9.78575442035203,-5.9806571309999,8,1
534,-11.632729354045,-7.2665762049865,23,39,-10.1195858653717,-5.17882225908367,8,1
535,-11.6167389347185,-7.21380527857829,20,38,-9.96787010378867,-5.22720188624563,8,0
536,-11.4058530828646,-6.92286075253187,17,37,-10.3408947966956,-5.19440862900855,8,0
537,-11.5547195338651,-6.85502870129576,11,36,-10.6539505133765,-6.416555101165,8,0
538,-14.2917893793884,-16.0889374585232,28,52,-12.7888334983067,-15.3829818843978,9,1
539,-14.3124823774256,-16.1148490356673,27,52,-12.8990277140874,-15.7517831763263,9,1
540,-14.0742196662261,-15.9770781991581,28,52,-12.7853091411492,-14.9933715507294,9,1
541,-13.8693380111175,-15.7367943524769,27,51,-12.2912418645596,-15.0161279438867,9,1
542,-13.4885215888483,-15.0479253365794,28,52,-12.3968024995048,-13.8513325769449,9,1
543,-13.4876887806445,-14.4295993088918,27,48,-10.5392757887942,-13.6456571196343,9,1
544,-12.8742995119412,-13.6276567454613,26,48,-10.5120922405205,-13.0446972640732,9,1
545,-12.7135098431887,-13.0079409641673,27,45,-9.81865256204426,-12.1120067753612,9,1
546,-12.5241767840253,-12.3794084387592,27,48,-10.7599076708795,-11.4697256859376,9,1
547,-12.4900850418119,-12.2327116845021,26,44,-9.2879630614163,-10.4631698898245,9,1
548,-12.2889346846002,-11.7687849818987,26,42,-9.00788750061377,-9.38115699083731,9,1
549,-12.3816052533339,-11.5171981181454,26,41,-8.68044768104786,-8.93453437813744,9,1
550,-12.2359734845248,-11.3805176176763,26,41,-8.82664524846507,-8.69477765434449,9,1
551,-12.0919461599038,-10.7845574593413,27,39,-8.16089895532806,-8.12059833387947,9,1
552,-11.4769245613924,-9.87489090567919,24,39,-8.09483275507773,-7.64775219917462,9,1
553,-11.1377915425661,-9.24161266295628,21,38,-8.21511477488271,-7.31263788581269,9,1
554,-11.0237913426885,-9.05239598645263,22,37,-7.76752653522613,-6.90940831784904,9,1
555,-11.0593614383589,-8.53831029873002,20,38,-8.55517493490352,-6.73677503499292,9,1
556,-11.2186244757915,-7.70278409706156,22,41,-10.0563801775865,-6.23137019790437,9,1
557,-11.5123629104503,-7.345472892757,21,40,-10.0810416169873,-5.93507282203758,9,1
558,-11.6641754391164,-7.31681758254361,23,39,-9.99010902718762,-5.23362049061035,9,0
559,-11.6574569462782,-7.21811801790822,20,39,-10.213033188782,-5.35532552274672,9,0
560,-11.7427335633916,-6.94073687442316,18,38,-10.2041500989526,-5.20656862720407,9,0
561,-11.7811091978419,-6.8660052290346,18,36,-9.36102835916031,-4.84313429047856,9,0
562,-14.2933237870254,-15.8212985376994,27,53,-13.3886791062848,-15.58647895383,10,1
563,-14.5608311124718,-15.7673246168702,28,53,-13.3731684148893,-15.063546122811,10,1
564,-14.3455985768357,-15.654419297592,28,50,-11.3898321307001,-14.9029777362707,10,1
565,-14.1073518941768,-15.4271281087047,28,53,-13.1908251229608,-14.5823504104669,10,1
566,-13.7344587468102,-14.8250449772971,27,51,-11.9829232427795,-14.1833535091551,10,1
567,-13.3816437556691,-14.2430818313672,27,50,-11.4649280073498,-13.7138261745487,10,1
568,-13.1294429379106,-13.5742162014985,28,48,-10.4895177890611,-12.5187484669404,10,1
569,-12.8371490171514,-12.8650791933682,27,48,-10.5541480534828,-12.1619762010042,10,1
570,-12.5538515401261,-12.2956839689289,27,47,-10.2225546351338,-11.6209372412471,10,1
571,-12.544052532536,-11.7697680622752,27,40,-7.79684794758904,-10.4929725428257,10,1
572,-12.3268590163795,-11.9194983958403,26,42,-9.12851355051498,-9.56119980076214,10,1
573,-12.2404187937519,-11.5684393805306,25,41,-8.69897135965047,-9.21189021438068,10,1
574,-12.2889218944039,-11.3167024560679,26,42,-9.35826630513124,-8.79143179957418,10,1
575,-12.065490804069,-10.6680691227272,25,41,-8.85868859272154,-8.45062839650037,10,1
576,-11.5350497810733,-9.88966176199018,24,40,-8.55579587908638,-7.75595305690768,10,1
577,-11.1101257342073,-9.09070952153151,25,38,-7.61807554733873,-7.37882244746532,10,1
578,-10.8539207073844,-8.89908880826597,23,37,-7.36511913855728,-6.89579793011253,10,1
579,-10.901166716808,-8.45942482907759,22,39,-8.80814750069947,-6.49236323408537,10,1
580,-11.3673185168401,-7.68977895914809,25,40,-9.52446666268306,-6.00018380679288,10,1
581,-11.5443731746392,-7.49827411603773,23,40,-9.88026202497778,-5.72864456298641,10,1
582,-11.6752982477815,-7.40104011154169,24,40,-10.2939794438493,-5.06633719399228,10,1
583,-11.6878216610204,-7.13066752115242,20,39,-10.1535326991891,-5.30638182367417,10,0
584,-11.7078803517684,-6.87349775738318,17,38,-10.3815768318608,-5.44084091934008,10,0
585,-11.5066560452406,-6.7171892153598,15,36,-10.0920468897251,-5.29680476749451,10,0
586,-14.7469993562391,-16.3171000246079,28,52,-12.9875405873479,-15.389570019884,11,1
587,-14.8791619219045,-16.2200481960722,28,54,-14.1561315178368,-15.5673233278379,11,1
588,-14.5607076715151,-16.1306365566989,28,52,-13.0415944360546,-15.3053793590485,11,1
589,-14.5590135957766,-15.9606872966605,27,52,-12.8921695722854,-15.3306711144121,11,1
590,-14.1485790974038,-15.4608789796908,28,50,-11.3345600339611,-14.1861766786845,11,1
591,-14.0322537850496,-14.7142548213056,27,51,-11.0450986043463,-13.8355634473953,11,1
592,-13.3837330000042,-13.939153328121,27,51,-11.7032862389252,-13.127981073943,11,1
593,-13.3950158072432,-13.1318185840785,27,48,-10.8167527467836,-12.4453894078487,11,1
594,-12.8928751415003,-12.594754602604,26,47,-10.496927278236,-11.9728685536712,11,1
595,-12.9253613504453,-12.5417383465873,27,44,-9.84816774663189,-10.7332495503834,11,1
596,-13.1921360289137,-12.0885389450724,26,42,-9.35655917869125,-9.67351083067987,11,1
597,-13.2216599432386,-11.7779295958756,25,39,-8.90082836899227,-9.48014355976898,11,1
598,-12.8713867141493,-11.7181013060519,26,41,-9.12137985162328,-9.00996882426568,11,1
599,-12.477971317827,-11.1060676523286,27,40,-8.82077613037588,-8.4755782933826,11,1
600,-11.6386564523269,-10.3641637322052,26,38,-6.84229088205632,-7.86292897291431,11,1
601,-11.1636010413224,-9.48369500198001,25,38,-8.47144765818,-7.37075079599066,11,1
602,-11.172590086516,-9.14114082180483,25,36,-6.77073080007952,-7.08173476360551,11,1
603,-11.0307275487747,-8.61118961819723,24,38,-8.54335881389779,-6.48172049537466,11,1
604,-11.6937561386289,-7.8326246524682,23,39,-8.98404321787836,-6.26564341820167,11,1
605,-11.8725743911804,-7.55663777067522,21,40,-9.9572640938217,-6.13553844929757,11,1
606,-12.089344189446,-7.34427749428302,21,40,-10.2509115748728,-5.76822474122159,11,1
607,-12.1209689070615,-7.28105827322531,21,40,-10.6158129253728,-5.5126344707019,11,1
608,-12.2794541841879,-7.03027453174293,19,38,-10.3468860200204,-5.2461714797742,11,0
609,-12.0185167987691,-6.93384459815886,18,37,-10.29191835453,-4.88751640768863,11,0
610,-14.694119634633,-16.0429474762868,28,52,-12.8336187238942,-15.1570165332387,12,1
611,-14.5029794314964,-15.996008854764,27,52,-12.9522936597253,-15.2327355568016,12,1
612,-14.296193618194,-15.9335322779783,28,53,-13.3667074796241,-15.1100946864254,12,1
613,-14.2242677240274,-15.7194352974767,28,49,-10.8552228780394,-14.9345442117593,12,1
614,-13.8781720398847,-15.2365813739064,27,49,-11.1181347936597,-14.6382632172001,12,1
615,-13.7389507839537,-14.6573132479728,28,50,-11.6116009034243,-13.6043231116966,12,1
616,-13.3897319415193,-13.8781867167752,27,49,-11.1735476540788,-13.0842324469743,12,1
617,-13.1023202546178,-13.2933684428501,27,50,-11.7061092858632,-12.5350751305573,12,1
618,-12.8426276128718,-12.5969526653891,27,46,-10.2664656892728,-11.8547781533708,12,1
619,-12.6992119690717,-12.6350527252069,27,43,-9.4876648973551,-11.3030473827701,12,1
620,-12.6413685352031,-12.297133379648,27,42,-9.30404760363593,-9.71102517016272,12,1
621,-13.0135872023371,-12.0516714756006,26,43,-9.95594515048503,-9.4656537171317,12,1
622,-12.652794055179,-11.7144646058049,27,41,-9.22362159968646,-8.82090064851115,12,1
623,-12.3746497522523,-11.2565849254348,27,39,-8.49435980933604,-8.47435441483929,12,1
624,-11.8295858400142,-10.6021397929714,24,38,-8.09822780351526,-7.91392682235785,12,1
625,-11.3142480139707,-9.89177821807313,23,38,-8.34172494797078,-7.289974727387,12,1
626,-11.1574758588358,-9.62149444968065,23,38,-8.45162112826707,-7.06957249179807,12,1
627,-11.1632808036365,-9.21056435396993,21,38,-8.71546893597193,-6.78523397792969,12,1
628,-11.679867796018,-8.2698920605079,26,39,-9.11100089889591,-6.25908406220441,12,1
629,-11.9813925028412,-7.79570977677173,23,39,-9.59178601401083,-5.94687526689798,12,1
630,-12.0891241167963,-7.61904797313647,21,39,-10.0658924362281,-5.81971197354819,12,1
631,-12.276258934025,-7.44130685590381,23,39,-10.3142423771897,-5.15648432879916,12,1
632,-12.357093411065,-7.20575761934232,21,37,-9.67681386940809,-5.0768007692352,12,0
633,-12.1838733630711,-7.08299489035522,17,37,-10.2039180690015,-5.29031397880616,12,0
634,-14.3033525768322,-15.7699761387157,28,42,-7.1930284095021,-14.9252814756588,13,1
635,-14.3712070273459,-15.7374229908299,28,42,-7.24060479784531,-14.9554970939886,13,1
636,-14.1501742444252,-15.6013847963636,27,49,-10.7098440254498,-15.2518239269711,13,1
637,-14.0916448288325,-15.4599232339353,27,50,-11.4725542445086,-15.2670521158438,13,1
638,-13.5819036018331,-15.1726924823218,28,51,-12.2805423964376,-14.0114945331828,13,1
639,-13.6767529562484,-14.5455443168162,27,50,-11.6610889080123,-13.8927830550522,13,1
640,-13.2650594241586,-13.4150337155698,26,48,-10.7999161716312,-12.6481917463415,13,1
641,-13.2086707755257,-12.7557506174814,26,44,-9.30305623822217,-11.699878925021,13,1
642,-12.7086895262339,-12.1792824784918,27,42,-8.82295141362268,-11.1950153858525,13,1
643,-12.5881872256859,-11.8218375951808,27,46,-10.4063522625177,-10.34980390369,13,1
644,-12.6549814040734,-11.577697869574,27,43,-9.70442522635688,-7.28176149947239,13,1
645,-12.7870928783372,-11.24915227039,28,38,-7.51533935087677,-7.70061177342093,13,1
646,-12.7983300626911,-11.4410713443505,27,42,-9.55633500401996,-8.34608010751153,13,1
647,-12.3099516129254,-11.3191636853985,27,40,-8.7864846274449,-7.9452065687344,13,1
648,-11.8450549986774,-10.4745800510115,24,38,-7.77747509910722,-7.88794487334289,13,1
649,-11.4565108463911,-9.80920887102562,26,37,-7.5228331443336,-7.40066973209083,13,1
650,-11.1680805892939,-9.60735274050176,22,37,-7.73045988525932,-7.02541322408426,13,1
651,-11.2004764721522,-8.77038257209437,22,38,-8.48816658381354,-6.68605891785351,13,1
652,-11.6121973630667,-8.10691653017838,25,38,-8.59302482453789,-6.25107463689512,13,1
653,-11.9009279632172,-7.74606991289044,22,40,-9.98503279796619,-6.02197087953681,13,1
654,-12.2417995544968,-7.5815301083006,25,40,-10.3474033109838,-5.3626546847671,13,1
655,-12.2426165938714,-7.42081944068671,23,40,-10.5634122558698,-5.15936720566446,13,1
656,-12.2476599349177,-7.1368364778013,20,39,-10.6213323200883,-5.31366888205418,13,0
657,-12.2045963406348,-6.94322310178013,19,37,-10.1844277484432,-5.10257394978794,13,0
658,-13.8162708706515,-15.4682004871541,27,52,-12.1890937185061,-14.8661558469028,14,1
659,-13.73164789701,-15.5595483474155,27,53,-12.7688389507056,-14.5765986884317,14,1
660,-13.7007330548726,-15.3873743033013,28,50,-11.2202266010227,-14.1084860062735,14,1
661,-13.7206145539356,-15.4418215453474,27,52,-12.3001361054262,-14.4054850982302,14,1
662,-13.0851650752445,-14.7700128302236,27,50,-11.0437757347489,-13.7094177337408,14,1
663,-12.9419853736534,-14.1807256088572,27,49,-9.85109173738512,-13.0553972764309,14,1
664,-12.3212007108673,-13.3924231866707,25,48,-10.3570797645705,-12.9203908576998,14,1
665,-12.1385858540858,-12.8407784785371,27,47,-9.2239938826817,-12.0108334738459,14,1
666,-12.2056384132853,-12.278909772899,27,47,-10.3059008286926,-11.2713644624436,14,1
667,-12.0719524528211,-12.1984554083729,28,44,-9.05416576292286,-10.0207712739708,14,1
668,-12.3169205956352,-11.978958169665,26,43,-9.10096286803124,-9.54893420393295,14,1
669,-12.4193270240552,-11.8430011116962,27,41,-8.36735100835957,-8.9945509182778,14,1
670,-12.4284362167646,-11.5761036955355,27,41,-8.64243509977006,-8.63276057160654,14,1
671,-11.9511595790894,-11.0811595911111,24,40,-8.53566540980048,-8.70670126126217,14,1
672,-11.5214951953638,-10.3172222561243,24,39,-8.3759806038873,-7.95998485796019,14,1
673,-11.1467031797254,-9.81457975698646,24,38,-7.95842552870323,-7.43182156364759,14,1
674,-11.0693788188865,-9.70899840250946,24,38,-8.2111942290146,-7.20134060271599,14,1
675,-11.0499245681604,-9.10494703912507,24,39,-9.14286594045046,-6.59578198247534,14,1
676,-10.9346522518384,-8.33429589197179,23,39,-9.39424585142955,-6.37432131548877,14,1
677,-11.2307962837337,-7.38143201697813,24,39,-9.37271673208365,-5.82350690035384,14,1
678,-11.2167943077609,-7.05380155760932,24,40,-10.3298955773226,-5.23766813577297,14,1
679,-11.1721617998422,-6.87923407878446,17,40,-10.547659258101,-5.69007580801982,14,1
680,-11.2994462109535,-6.50085169594791,23,38,-9.79954659377665,-4.39688486828951,14,0
681,-11.3537941894942,-6.37279898955216,15,37,-9.60172650343682,-5.25029757010645,14,0
682,-14.1409416474416,-15.6587506501973,28,53,-12.9370810566154,-14.6671085986164,15,1
683,-14.2057430371852,-15.5960525823346,28,54,-13.6595520867547,-14.7262341627159,15,1
684,-14.154835563735,-15.5064950540143,28,49,-10.7337680787702,-15.0091537480797,15,1
685,-13.9871188541182,-15.4838915436956,28,53,-13.003360585217,-14.5054992684872,15,1
686,-13.7119585480581,-14.8964330692534,27,53,-12.8088734039537,-14.600780518787,15,1
687,-13.6058755360315,-14.4302019932631,27,50,-11.431445093023,-13.8904789536089,15,1
688,-13.5323481167687,-13.7182023677744,27,51,-11.9718855562932,-12.9834313670827,15,1
689,-12.9012925718341,-13.1919596680978,28,50,-11.6056016825625,-12.1907941818336,15,1
690,-12.8354096438148,-12.505263109216,27,45,-9.85934176113055,-11.8897094716505,15,1
691,-12.7308210826671,-12.3657680352138,27,44,-9.84232405660427,-11.0097093137904,15,1
692,-12.8217741402273,-12.1403931057668,27,44,-10.1517756851221,-9.66452305831308,15,1
693,-12.9823693495225,-11.9866116746911,26,43,-9.8150082096767,-9.34764893286541,15,1
694,-12.6813388969354,-11.7074448050946,27,41,-9.00035240931568,-8.8825803446428,15,1
695,-12.3954022917495,-11.174251639669,27,42,-9.41657763613248,-8.42607538167504,15,1
696,-11.8400878157201,-10.4681706824223,25,40,-8.83303360965576,-7.93468865162973,15,1
697,-11.4652796291979,-9.75306975276323,25,38,-8.10685944810742,-7.31864971027673,15,1
698,-11.2966623598654,-9.40685449988673,24,37,-7.73412162055398,-7.07203703992497,15,1
699,-11.2645148822978,-9.05880969066817,22,38,-8.52162067828734,-6.64809205246763,15,1
700,-11.9250853728828,-8.24230779111086,26,39,-9.01970605625413,-6.23668350000809,15,1
701,-12.0230187633865,-7.72924311661794,22,39,-9.64813029706029,-6.05958508453151,15,1
702,-12.2886805762448,-7.50559607629851,25,40,-10.3452978170787,-5.33122463833831,15,1
703,-12.3013997459008,-7.3182603145057,23,40,-10.5144615353296,-5.2008515992244,15,1
704,-12.4644188867517,-6.94308507867577,23,39,-9.77431783951432,-4.76975885677625,15,1
705,-12.4460226928262,-6.72924226246,24,37,-8.58665134862539,-4.34847332288415,15,1
